engine_type,avg
Electric,3.007253335126241
Thermal,2.9867330009993958
